{"cameraMode":{"drawMode":0,"name":"Shaded","section":"Shading Mode"},"sceneLighting":false,"audioPlay":false,"sceneViewState":{"showFog":true,"showMaterialUpdate":false,"showSkybox":true,"showFlares":true,"showImageEffects":true,"showParticleSystems":true},"in2DMode":false,"pivot":{"x":0.0005869865417480469,"y":1.6362448930740357,"z":0.10738898813724518},"rotation":{"x":0.007542323786765337,"y":-0.5847482681274414,"z":0.005437234882265329,"w":0.8111615777015686},"size":5.784222602844238,"orthographic":true}