{"cameraMode":{"drawMode":0,"name":"Shaded","section":"Shading Mode"},"sceneLighting":false,"audioPlay":false,"sceneViewState":{"showFog":true,"showMaterialUpdate":false,"showSkybox":true,"showFlares":true,"showImageEffects":true,"showParticleSystems":true},"in2DMode":false,"pivot":{"x":5.930633544921875,"y":2.3918700218200685,"z":0.0},"rotation":{"x":-0.03126998990774155,"y":-0.9522505402565002,"z":0.28520289063453677,"w":-0.10440505295991898},"size":6.666365146636963,"orthographic":false}