{"cameraMode":{"drawMode":0,"name":"Shaded","section":"Shading Mode"},"sceneLighting":false,"audioPlay":false,"sceneViewState":{"showFog":true,"showMaterialUpdate":false,"showSkybox":true,"showFlares":true,"showImageEffects":true,"showParticleSystems":true},"in2DMode":false,"pivot":{"x":8.670814514160157,"y":-14.156257629394532,"z":107.6852798461914},"rotation":{"x":0.383029580116272,"y":-0.18779103457927705,"z":0.07984012365341187,"w":0.9009153842926025},"size":110.67290496826172,"orthographic":false}