{"cameraMode":{"drawMode":0,"name":"Shaded","section":"Shading Mode"},"sceneLighting":false,"audioPlay":false,"sceneViewState":{"showFog":true,"showMaterialUpdate":false,"showSkybox":true,"showFlares":true,"showImageEffects":true,"showParticleSystems":true},"in2DMode":false,"pivot":{"x":7.1863861083984379,"y":3.646700859069824,"z":-51.370914459228519},"rotation":{"x":0.3316669464111328,"y":-0.35084667801856997,"z":0.13447119295597077,"w":0.8653445839881897},"size":15.00123405456543,"orthographic":false}