{"cameraMode":{"drawMode":0,"name":"Shaded","section":"Shading Mode"},"sceneLighting":true,"audioPlay":false,"sceneViewState":{"showFog":true,"showMaterialUpdate":false,"showSkybox":true,"showFlares":true,"showImageEffects":true,"showParticleSystems":true},"in2DMode":false,"pivot":{"x":0.0,"y":1.2599999904632569,"z":9.200000762939454},"rotation":{"x":-0.0014722085325047374,"y":-0.9517105221748352,"z":0.3069595694541931,"w":-0.004564352799206972},"size":270.021240234375,"orthographic":false}