{"cameraMode":{"drawMode":0,"name":"Shaded","section":"Shading Mode"},"sceneLighting":false,"audioPlay":false,"sceneViewState":{"showFog":true,"showMaterialUpdate":false,"showSkybox":true,"showFlares":true,"showImageEffects":true,"showParticleSystems":true},"in2DMode":false,"pivot":{"x":-0.2823619246482849,"y":0.7799073457717896,"z":-1.043081283569336e-7},"rotation":{"x":0.4616624116897583,"y":-0.019955754280090333,"z":0.01038918923586607,"w":0.8867703676223755},"size":2.1129446029663088,"orthographic":false}