{"cameraMode":{"drawMode":0,"name":"Shaded","section":"Shading Mode"},"sceneLighting":false,"audioPlay":false,"sceneViewState":{"showFog":true,"showMaterialUpdate":false,"showSkybox":true,"showFlares":true,"showImageEffects":true,"showParticleSystems":true},"in2DMode":false,"pivot":{"x":-2.954254150390625,"y":3.3667173385620119,"z":1.9003182649612427},"rotation":{"x":0.08961249142885208,"y":-0.6869528293609619,"z":0.08597515523433685,"w":0.7160124182701111},"size":36.158653259277347,"orthographic":false}