{"cameraMode":{"drawMode":0,"name":"Shaded","section":"Shading Mode"},"sceneLighting":false,"audioPlay":false,"sceneViewState":{"showFog":true,"showMaterialUpdate":false,"showSkybox":true,"showFlares":true,"showImageEffects":true,"showParticleSystems":true},"in2DMode":false,"pivot":{"x":5.711758136749268,"y":-0.22540399432182313,"z":-2.459397077560425},"rotation":{"x":-0.03126998990774155,"y":-0.9522505402565002,"z":0.28520289063453677,"w":-0.10440505295991898},"size":9.629682540893555,"orthographic":false}