{"cameraMode":{"drawMode":0,"name":"Shaded","section":"Shading Mode"},"sceneLighting":false,"audioPlay":false,"sceneViewState":{"showFog":true,"showMaterialUpdate":false,"showSkybox":true,"showFlares":true,"showImageEffects":true,"showParticleSystems":true},"in2DMode":false,"pivot":{"x":-0.2823619842529297,"y":0.27990731596946719,"z":0.0},"rotation":{"x":0.2719027101993561,"y":-0.39310336112976076,"z":0.12289516627788544,"w":0.8697329759597778},"size":6.612945079803467,"orthographic":false}