{"cameraMode":{"drawMode":0,"name":"Shaded","section":"Shading Mode"},"sceneLighting":true,"audioPlay":false,"sceneViewState":{"showFog":true,"showMaterialUpdate":false,"showSkybox":true,"showFlares":true,"showImageEffects":true,"showParticleSystems":true},"in2DMode":false,"pivot":{"x":25.439796447753908,"y":34.216209411621097,"z":-37.580101013183597},"rotation":{"x":0.0276593416929245,"y":0.9273191690444946,"z":-0.3666332960128784,"w":0.06995856016874314},"size":86.09231567382813,"orthographic":false}