{"cameraMode":{"drawMode":0,"name":"Shaded","section":"Shading Mode"},"sceneLighting":false,"audioPlay":false,"sceneViewState":{"showFog":true,"showMaterialUpdate":false,"showSkybox":true,"showFlares":true,"showImageEffects":true,"showParticleSystems":true},"in2DMode":false,"pivot":{"x":1.5826236009597779,"y":-5.507871150970459,"z":17.73900032043457},"rotation":{"x":0.3960772156715393,"y":0.024786632508039476,"z":-0.01069654617458582,"w":0.9178203344345093},"size":11.074514389038086,"orthographic":true}