{"cameraMode":{"drawMode":0,"name":"Shaded","section":"Shading Mode"},"sceneLighting":true,"audioPlay":false,"sceneViewState":{"showFog":true,"showMaterialUpdate":false,"showSkybox":true,"showFlares":true,"showImageEffects":true,"showParticleSystems":true},"in2DMode":false,"pivot":{"x":7.489184379577637,"y":6.759472370147705,"z":-12.222896575927735},"rotation":{"x":0.5486419796943665,"y":-0.011286619119346142,"z":0.007407485507428646,"w":0.8359484672546387},"size":50.27731704711914,"orthographic":true}